idxYear, Jan, Feb, Marc, P
0,1850 -0.734 -0.360 -0.627 -0.605 -0.532 -0.352 -0.176 -0.223 -0.394 -0.516 -0.277 -0.322 -0.426
2,1851 -0.266 -0.467 -0.641 -0.528 -0.222 -0.207 -0.136 -0.148 -0.146 -0.045 -0.108 -0.248 -0.264
4,1852 -0.346 -0.496 -0.567 -0.575 -0.113 -0.077  0.009 -0.149 -0.006 -0.158 -0.275  0.064 -0.224
6,1853 -0.204 -0.399 -0.273 -0.401 -0.270 -0.124 -0.072 -0.040 -0.266 -0.373 -0.401 -0.326 -0.262
8,1854 -0.403 -0.392 -0.247 -0.327 -0.277 -0.302 -0.162 -0.233 -0.216 -0.099 -0.412 -0.454 -0.294
10,1855 -0.170 -0.313 -0.345 -0.211 -0.368 -0.333 -0.315 -0.202 -0.259 -0.200 -0.374 -0.408 -0.291
12,1856 -0.083 -0.347 -0.371 -0.314 -0.293 -0.225 -0.223 -0.249 -0.402 -0.446 -0.561 -0.423 -0.328
14,1857 -0.494 -0.442 -0.488 -0.675 -0.654 -0.291 -0.404 -0.356 -0.368 -0.467 -0.662 -0.289 -0.466
16,1858 -0.336 -0.488 -0.566 -0.430 -0.523 -0.360 -0.341 -0.288 -0.280 -0.292 -0.404 -0.455 -0.397
18,1859 -0.405 -0.351 -0.322 -0.189 -0.170 -0.240 -0.290 -0.266 -0.401 -0.247 -0.310 -0.311 -0.292
20,1860 -0.390 -0.478 -0.789 -0.310 -0.371 -0.213 -0.211 -0.137 -0.177 -0.391 -0.622 -0.797 -0.407
22,1861 -0.905 -0.681 -0.422 -0.396 -0.697 -0.272 -0.349 -0.098 -0.334 -0.516 -0.488 -0.408 -0.464
24,1862 -0.830 -0.797 -0.538 -0.533 -0.345 -0.275 -0.356 -0.500 -0.399 -0.501 -0.685 -0.898 -0.555
26,1863 -0.087 -0.284 -0.414 -0.336 -0.391 -0.418 -0.357 -0.335 -0.405 -0.561 -0.500 -0.506 -0.383
28,1864 -0.825 -0.605 -0.531 -0.557 -0.346 -0.116 -0.287 -0.344 -0.526 -0.672 -0.492 -0.627 -0.494
30,1865 -0.230 -0.513 -0.717 -0.545 -0.495 -0.251 -0.297 -0.247 -0.233 -0.329 -0.338 -0.513 -0.392
32,1866 -0.230 -0.472 -0.748 -0.549 -0.599 -0.130 -0.053 -0.291 -0.462 -0.460 -0.363 -0.443 -0.400
34,1867 -0.501 -0.408 -0.712 -0.489 -0.616 -0.350 -0.259 -0.325 -0.194 -0.157 -0.291 -0.492 -0.399
36,1868 -0.707 -0.711 -0.332 -0.384 -0.282 -0.298 -0.047 -0.195 -0.375 -0.243 -0.451 -0.335 -0.363
38,1869 -0.304  0.137 -0.651 -0.412 -0.311 -0.396 -0.432 -0.178 -0.169 -0.291 -0.291 -0.525 -0.319
40,1870 -0.214 -0.457 -0.495 -0.357 -0.304 -0.207 -0.083 -0.256 -0.202 -0.428 -0.255 -0.675 -0.328
42,1871 -0.591 -0.688 -0.171 -0.222 -0.348 -0.270 -0.073 -0.324 -0.357 -0.373 -0.542 -0.520 -0.373
44,1872 -0.594 -0.627 -0.519 -0.366 -0.121 -0.267 -0.109  0.033 -0.155 -0.174 -0.292 -0.521 -0.309
46,1873 -0.237 -0.272 -0.390 -0.462 -0.319 -0.297 -0.158 -0.217 -0.378 -0.377 -0.429 -0.320 -0.321
48,1874 -0.182 -0.429 -0.664 -0.422 -0.311 -0.556 -0.171 -0.287 -0.160 -0.467 -0.422 -0.316 -0.365
50,1875 -0.576 -0.443 -0.559 -0.340 -0.251 -0.265 -0.181 -0.227 -0.237 -0.230 -0.507 -0.585 -0.367
52,1876 -0.503 -0.328 -0.338 -0.394 -0.548 -0.324 -0.201 -0.326 -0.436 -0.306 -0.601 -0.627 -0.411
54,1877 -0.409 -0.195 -0.070 -0.316 -0.403 -0.109  0.017  0.230  0.127  0.125  0.043 -0.028 -0.082
56,1878 -0.041  0.261  0.403  0.210 -0.092  0.018 -0.062 -0.045  0.028 -0.148 -0.119 -0.290  0.010
58,1879 -0.212 -0.237 -0.247 -0.357 -0.330 -0.250 -0.273 -0.262 -0.229 -0.150 -0.375 -0.542 -0.289
60,1880 -0.382 -0.433 -0.182 -0.325 -0.318 -0.367 -0.320 -0.095 -0.288 -0.375 -0.259 -0.294 -0.303
62,1881 -0.174 -0.200 -0.215 -0.053 -0.099 -0.390 -0.183 -0.132 -0.287 -0.217 -0.370 -0.237 -0.213
64,1882 -0.012 -0.098 -0.146 -0.289 -0.290 -0.358 -0.308 -0.224 -0.145 -0.382 -0.385 -0.628 -0.272
66,1883 -0.440 -0.448 -0.249 -0.417 -0.323 -0.159 -0.216 -0.278 -0.301 -0.323 -0.373 -0.403 -0.328
68,1884 -0.426 -0.310 -0.491 -0.469 -0.546 -0.488 -0.556 -0.420 -0.498 -0.448 -0.569 -0.472 -0.474
70,1885 -0.645 -0.539 -0.408 -0.618 -0.592 -0.626 -0.409 -0.396 -0.348 -0.346 -0.368 -0.204 -0.458
72,1886 -0.458 -0.470 -0.467 -0.343 -0.279 -0.498 -0.297 -0.450 -0.380 -0.399 -0.476 -0.381 -0.408
74,1887 -0.734 -0.646 -0.435 -0.473 -0.512 -0.512 -0.379 -0.438 -0.379 -0.434 -0.428 -0.489 -0.488
76,1888 -0.615 -0.585 -0.593 -0.344 -0.399 -0.315 -0.335 -0.304 -0.320 -0.158 -0.256 -0.248 -0.373
78,1889 -0.294 -0.005 -0.079 -0.082 -0.158 -0.216 -0.291 -0.315 -0.349 -0.361 -0.509 -0.346 -0.250
80,1890 -0.516 -0.449 -0.616 -0.492 -0.529 -0.485 -0.486 -0.469 -0.477 -0.437 -0.667 -0.381 -0.500
82,1891 -0.574 -0.593 -0.356 -0.438 -0.334 -0.365 -0.400 -0.361 -0.261 -0.334 -0.530 -0.223 -0.398
84,1892 -0.472 -0.288 -0.522 -0.537 -0.452 -0.432 -0.590 -0.511 -0.387 -0.437 -0.662 -0.789 -0.507
86,1893 -1.040 -0.846 -0.421 -0.508 -0.570 -0.453 -0.253 -0.295 -0.369 -0.305 -0.402 -0.477 -0.495
88,1894 -0.630 -0.419 -0.498 -0.523 -0.514 -0.580 -0.398 -0.355 -0.440 -0.399 -0.451 -0.538 -0.479
90,1895 -0.636 -0.632 -0.610 -0.448 -0.469 -0.421 -0.338 -0.374 -0.388 -0.314 -0.312 -0.360 -0.442
92,1896 -0.314 -0.329 -0.580 -0.529 -0.347 -0.224 -0.185 -0.173 -0.155 -0.117 -0.308 -0.083 -0.279
94,1897 -0.290 -0.338 -0.410 -0.109 -0.121 -0.170 -0.190 -0.183 -0.176 -0.206 -0.410 -0.453 -0.255
96,1898 -0.185 -0.544 -0.833 -0.660 -0.548 -0.334 -0.391 -0.395 -0.360 -0.476 -0.495 -0.467 -0.474
98,1899 -0.344 -0.528 -0.563 -0.418 -0.358 -0.507 -0.364 -0.237 -0.143 -0.176 -0.047 -0.448 -0.344
100,1900 -0.481 -0.192 -0.199 -0.225 -0.301 -0.223 -0.210 -0.210 -0.193 -0.058 -0.257 -0.213 -0.230
102,1901 -0.264 -0.258 -0.180 -0.165 -0.234 -0.256 -0.346 -0.211 -0.356 -0.336 -0.374 -0.466 -0.287
104,1902 -0.425 -0.224 -0.456 -0.444 -0.435 -0.450 -0.411 -0.431 -0.373 -0.497 -0.554 -0.549 -0.437
106,1903 -0.423 -0.235 -0.406 -0.590 -0.514 -0.549 -0.511 -0.611 -0.571 -0.674 -0.631 -0.708 -0.535
108,1904 -0.797 -0.767 -0.694 -0.645 -0.611 -0.569 -0.559 -0.484 -0.600 -0.553 -0.392 -0.494 -0.597
110,1905 -0.457 -0.715 -0.519 -0.558 -0.434 -0.345 -0.376 -0.306 -0.347 -0.334 -0.215 -0.264 -0.406
112,1906 -0.285 -0.377 -0.282 -0.100 -0.372 -0.229 -0.346 -0.272 -0.352 -0.320 -0.531 -0.317 -0.315
114,1907 -0.516 -0.615 -0.427 -0.472 -0.637 -0.539 -0.431 -0.493 -0.400 -0.332 -0.548 -0.583 -0.499
116,1908 -0.452 -0.406 -0.697 -0.581 -0.438 -0.409 -0.396 -0.481 -0.383 -0.568 -0.638 -0.630 -0.507
118,1909 -0.755 -0.533 -0.651 -0.630 -0.589 -0.507 -0.528 -0.328 -0.407 -0.490 -0.384 -0.592 -0.533
120,1910 -0.417 -0.505 -0.602 -0.525 -0.523 -0.552 -0.442 -0.391 -0.418 -0.477 -0.668 -0.745 -0.522
122,1911 -0.656 -0.706 -0.765 -0.642 -0.641 -0.560 -0.497 -0.510 -0.501 -0.352 -0.343 -0.303 -0.540
124,1912 -0.326 -0.312 -0.557 -0.338 -0.335 -0.290 -0.510 -0.580 -0.646 -0.685 -0.556 -0.577 -0.476
126,1913 -0.546 -0.540 -0.601 -0.523 -0.548 -0.546 -0.487 -0.400 -0.418 -0.442 -0.362 -0.150 -0.464
128,1914 -0.071 -0.255 -0.392 -0.401 -0.309 -0.311 -0.298 -0.245 -0.302 -0.110 -0.182 -0.238 -0.259
130,1915 -0.284 -0.213 -0.195 -0.086 -0.177 -0.174 -0.177 -0.064 -0.112 -0.282 -0.170 -0.352 -0.191
132,1916 -0.336 -0.265 -0.435 -0.381 -0.427 -0.498 -0.386 -0.297 -0.325 -0.372 -0.509 -0.812 -0.420
134,1917 -0.692 -0.716 -0.780 -0.544 -0.641 -0.478 -0.257 -0.339 -0.303 -0.533 -0.455 -0.787 -0.544
136,1918 -0.519 -0.677 -0.582 -0.627 -0.527 -0.389 -0.371 -0.444 -0.274 -0.117 -0.169 -0.417 -0.426
138,1919 -0.243 -0.236 -0.394 -0.209 -0.312 -0.370 -0.321 -0.258 -0.294 -0.272 -0.561 -0.519 -0.332
140,1920 -0.275 -0.545 -0.169 -0.342 -0.260 -0.253 -0.318 -0.234 -0.205 -0.222 -0.339 -0.492 -0.304
142,1921 -0.230 -0.295 -0.348 -0.294 -0.300 -0.159 -0.152 -0.317 -0.197 -0.129 -0.194 -0.280 -0.241
144,1922 -0.418 -0.406 -0.330 -0.295 -0.468 -0.297 -0.264 -0.354 -0.317 -0.347 -0.254 -0.308 -0.338
146,1923 -0.404 -0.488 -0.460 -0.408 -0.401 -0.260 -0.414 -0.321 -0.334 -0.168 -0.025 -0.092 -0.315
148,1924 -0.328 -0.310 -0.177 -0.338 -0.212 -0.270 -0.296 -0.314 -0.325 -0.359 -0.283 -0.490 -0.309
150,1925 -0.484 -0.474 -0.374 -0.301 -0.307 -0.340 -0.337 -0.166 -0.254 -0.283 -0.052  0.019 -0.280
152,1926  0.082 -0.037  0.021 -0.160 -0.267 -0.181 -0.209 -0.102 -0.118 -0.069 -0.110 -0.317 -0.122
154,1927 -0.310 -0.206 -0.408 -0.316 -0.231 -0.250 -0.211 -0.207 -0.109 -0.021 -0.120 -0.320 -0.226
156,1928 -0.025 -0.123 -0.318 -0.236 -0.302 -0.332 -0.190 -0.177 -0.207 -0.187 -0.172 -0.232 -0.208
158,1929 -0.434 -0.601 -0.485 -0.441 -0.435 -0.404 -0.436 -0.262 -0.273 -0.214 -0.137 -0.562 -0.390
160,1930 -0.358 -0.338 -0.244 -0.224 -0.247 -0.197 -0.180 -0.090 -0.093 -0.081  0.069 -0.055 -0.170
162,1931 -0.127 -0.254 -0.114 -0.181 -0.201 -0.023 -0.010 -0.036 -0.050 -0.022 -0.149 -0.101 -0.106
164,1932  0.070 -0.188 -0.201 -0.077 -0.167 -0.256 -0.134 -0.188 -0.003 -0.094 -0.296 -0.266 -0.150
166,1933 -0.324 -0.349 -0.401 -0.303 -0.291 -0.327 -0.294 -0.154 -0.328 -0.249 -0.406 -0.515 -0.328
168,1934 -0.330 -0.148 -0.429 -0.385 -0.150 -0.091 -0.180 -0.116 -0.139 -0.083  0.036 -0.109 -0.177
170,1935 -0.357  0.041 -0.233 -0.331 -0.330 -0.218 -0.150 -0.150 -0.194 -0.054 -0.326 -0.253 -0.213
172,1936 -0.393 -0.339 -0.334 -0.196 -0.178 -0.150 -0.079 -0.071 -0.109 -0.040 -0.063 -0.098 -0.171
174,1937 -0.125  0.072 -0.262 -0.118 -0.090 -0.007  0.025  0.041  0.148  0.131  0.066 -0.074 -0.016
176,1938  0.045 -0.014 -0.025  0.034 -0.103 -0.092 -0.044  0.002  0.025  0.166  0.052 -0.198 -0.013
178,1939 -0.115 -0.121 -0.295 -0.116 -0.040  0.015 -0.036 -0.036 -0.015 -0.101  0.021  0.337 -0.042
180,1940 -0.047  0.080 -0.043  0.143  0.035  0.043  0.148  0.102  0.129  0.098 -0.002  0.200  0.074
182,1941 -0.044  0.112 -0.123  0.033  0.058  0.055  0.156  0.036 -0.147  0.210 -0.013  0.078  0.034
184,1942  0.250  0.016 -0.045 -0.009  0.122  0.027 -0.062 -0.061 -0.014 -0.093 -0.056 -0.080 -0.001
186,1943 -0.191 -0.027 -0.164  0.022  0.033 -0.078  0.021  0.031 -0.015  0.230  0.104  0.110  0.006
188,1944  0.324  0.124  0.116  0.044  0.118  0.106  0.148  0.207  0.165  0.210  0.090  0.083  0.145
190,1945  0.093  0.045  0.035  0.209 -0.061 -0.040  0.003  0.238  0.104  0.093 -0.003 -0.201  0.043
192,1946  0.041 -0.124 -0.131 -0.005 -0.084 -0.270 -0.113 -0.157 -0.098 -0.071 -0.114 -0.347 -0.123
194,1947 -0.157 -0.146 -0.080 -0.062 -0.077 -0.094 -0.071 -0.119 -0.167  0.032  0.024 -0.236 -0.096
196,1948 -0.023 -0.240 -0.291 -0.120  0.052 -0.014 -0.135 -0.049 -0.140 -0.061 -0.179 -0.350 -0.129
198,1949 -0.029 -0.248 -0.120 -0.157 -0.119 -0.243 -0.191 -0.086 -0.137 -0.101 -0.194 -0.223 -0.154
200,1950 -0.312 -0.382 -0.230 -0.254 -0.156 -0.116 -0.121 -0.168 -0.258 -0.214 -0.395 -0.270 -0.240
202,1951 -0.373 -0.521 -0.276 -0.120  0.020  0.050  0.027  0.111  0.121  0.116 -0.082  0.066 -0.072
204,1952  0.089  0.062 -0.168  0.039  0.017  0.015  0.084  0.094  0.090 -0.022 -0.130 -0.041  0.011
206,1953 -0.009  0.093  0.010  0.225  0.149  0.141  0.043  0.088  0.087  0.084 -0.007  0.021  0.077
208,1954 -0.244 -0.090 -0.183 -0.116 -0.171 -0.132 -0.198 -0.102 -0.115 -0.012  0.117 -0.165 -0.118
210,1955  0.107 -0.193 -0.399 -0.231 -0.238 -0.179 -0.210 -0.090 -0.144 -0.116 -0.325 -0.368 -0.199
212,1956 -0.239 -0.288 -0.362 -0.309 -0.336 -0.229 -0.210 -0.291 -0.274 -0.264 -0.220 -0.158 -0.265
214,1957 -0.219 -0.159 -0.199 -0.041  0.034  0.065 -0.062  0.072  0.041 -0.000 -0.004  0.052 -0.035
216,1958  0.258  0.091  0.006 -0.068  0.017 -0.154 -0.018 -0.082 -0.112 -0.017 -0.037 -0.082 -0.016
218,1959  0.015 -0.007  0.018  0.029 -0.039 -0.001 -0.040 -0.038 -0.140 -0.070 -0.183 -0.102 -0.047
220,1960 -0.113  0.024 -0.444 -0.261 -0.176 -0.124 -0.111 -0.001  0.005 -0.029 -0.214  0.084 -0.113
222,1961 -0.046  0.097 -0.055  0.066  0.074  0.092 -0.033 -0.008 -0.025 -0.060 -0.027 -0.248 -0.014
224,1962 -0.052  0.019  0.024 -0.017 -0.175 -0.051 -0.106 -0.106 -0.070 -0.036 -0.016 -0.122 -0.059
226,1963 -0.114  0.045 -0.337 -0.175 -0.142 -0.063  0.065  0.152  0.127  0.070  0.051 -0.057 -0.031
228,1964 -0.187 -0.220 -0.379 -0.438 -0.370 -0.166 -0.197 -0.296 -0.400 -0.309 -0.295 -0.369 -0.302
230,1965 -0.159 -0.262 -0.257 -0.298 -0.188 -0.205 -0.265 -0.159 -0.244 -0.104 -0.143 -0.144 -0.202
232,1966 -0.281 -0.162 -0.170 -0.169 -0.215 -0.101  0.005 -0.097 -0.082 -0.231 -0.104 -0.138 -0.145
234,1967 -0.217 -0.325 -0.094 -0.132  0.061 -0.108 -0.067 -0.098 -0.122 -0.017 -0.119 -0.151 -0.116
236,1968 -0.318 -0.261  0.001 -0.177 -0.222 -0.148 -0.192 -0.124 -0.221  0.012 -0.131 -0.187 -0.164
238,1969 -0.158 -0.193 -0.129  0.051  0.067  0.010 -0.104 -0.068 -0.009  0.004  0.026  0.171 -0.028
240,1970  0.015  0.064 -0.089 -0.078 -0.141 -0.136 -0.110 -0.197 -0.029 -0.059 -0.059 -0.190 -0.084
242,1971 -0.141 -0.272 -0.337 -0.232 -0.196 -0.258 -0.182 -0.179 -0.122 -0.154 -0.149 -0.227 -0.204
244,1972 -0.375 -0.276 -0.140 -0.125 -0.079 -0.030 -0.089  0.067 -0.049 -0.052 -0.048  0.114 -0.090
246,1973  0.104  0.162  0.119  0.196  0.111  0.107  0.020 -0.021 -0.032  0.015 -0.023 -0.127  0.052
248,1974 -0.281 -0.443 -0.236 -0.198 -0.128 -0.112 -0.132  0.027 -0.087 -0.108 -0.119 -0.207 -0.169
250,1975 -0.090 -0.018 -0.005 -0.045  0.057 -0.056 -0.100 -0.228 -0.135 -0.148 -0.257 -0.245 -0.106
252,1976 -0.165 -0.226 -0.332 -0.180 -0.355 -0.231 -0.168 -0.238 -0.148 -0.330 -0.132 -0.025 -0.211
254,1977  0.155  0.109  0.080  0.136  0.228  0.210  0.143  0.133 -0.001 -0.015  0.122 -0.039  0.105
256,1978  0.037  0.075  0.060  0.053  0.014 -0.054  0.015 -0.217  0.037 -0.060  0.094  0.011  0.006
258,1979  0.048 -0.181  0.063  0.074 -0.026  0.046  0.016  0.114  0.171  0.143  0.205  0.384  0.088
260,1980  0.249  0.355  0.210  0.230  0.242  0.126  0.202  0.161  0.122  0.091  0.203  0.107  0.192
262,1981  0.442  0.337  0.326  0.193  0.142  0.240  0.266  0.307  0.137  0.052  0.159  0.362  0.247
264,1982 -0.033  0.063 -0.140  0.020  0.087 -0.004  0.073 -0.048  0.012  0.039  0.027  0.276  0.031
266,1983  0.358  0.333  0.245  0.173  0.219  0.163  0.110  0.280  0.323  0.111  0.242  0.092  0.221
268,1984  0.152  0.024  0.144  0.009  0.212 -0.039  0.021  0.091  0.124  0.036 -0.061 -0.162  0.046
270,1985  0.112 -0.104  0.038 -0.001  0.062  0.118 -0.027  0.139  0.115  0.035  0.012  0.052  0.046
272,1986  0.113  0.303  0.131  0.127  0.138  0.037  0.038  0.088  0.021  0.050  0.036  0.026  0.092
274,1987  0.213  0.313  0.098  0.185  0.162  0.260  0.343  0.208  0.259  0.267  0.183  0.366  0.238
276,1988  0.453  0.327  0.381  0.322  0.314  0.329  0.252  0.254  0.253  0.252  0.024  0.171  0.278
278,1989 -0.031  0.234  0.181  0.145  0.034  0.093  0.259  0.250  0.293  0.254  0.109  0.279  0.175
280,1990  0.280  0.273  0.628  0.490  0.401  0.311  0.374  0.274  0.213  0.380  0.353  0.283  0.355
282,1991  0.297  0.400  0.241  0.432  0.308  0.429  0.463  0.361  0.347  0.245  0.249  0.233  0.334
284,1992  0.357  0.343  0.305  0.156  0.164  0.152  0.003  0.035 -0.096 -0.029 -0.040  0.090  0.120
286,1993  0.257  0.274  0.233  0.191  0.191  0.161  0.156  0.078  0.041  0.148  0.060  0.143  0.161
288,1994  0.192  0.002  0.234  0.246  0.198  0.312  0.177  0.168  0.265  0.342  0.350  0.243  0.227
290,1995  0.411  0.633  0.351  0.416  0.259  0.375  0.437  0.387  0.275  0.376  0.367  0.167  0.371
292,1996  0.209  0.454  0.277  0.243  0.234  0.213  0.322  0.351  0.201  0.122  0.308  0.315  0.271
294,1997  0.242  0.288  0.387  0.367  0.310  0.486  0.343  0.404  0.463  0.566  0.607  0.517  0.415
296,1998  0.557  0.791  0.580  0.642  0.632  0.663  0.655  0.647  0.430  0.410  0.375  0.480  0.572
298,1999  0.382  0.595  0.250  0.262  0.241  0.319  0.307  0.299  0.271  0.303  0.279  0.309  0.318
300,2000  0.173  0.489  0.437  0.527  0.299  0.345  0.325  0.374  0.308  0.190  0.241  0.197  0.326
302,2001  0.357  0.385  0.512  0.444  0.483  0.443  0.507  0.499  0.489  0.461  0.686  0.536  0.483
304,2002  0.640  0.634  0.787  0.557  0.497  0.443  0.567  0.496  0.499  0.497  0.488  0.341  0.537
306,2003  0.651  0.481  0.474  0.465  0.514  0.420  0.481  0.611  0.569  0.653  0.490  0.651  0.538
308,2004  0.501  0.629  0.518  0.516  0.347  0.308  0.236  0.459  0.461  0.517  0.646  0.410  0.462
310,2005  0.643  0.527  0.640  0.626  0.550  0.567  0.553  0.582  0.631  0.680  0.636  0.595  0.602
312,2006  0.494  0.636  0.531  0.476  0.464  0.570  0.476  0.631  0.545  0.609  0.655  0.709  0.566
314,2007  0.889  0.630  0.583  0.718  0.572  0.497  0.559  0.579  0.506  0.553  0.528  0.412  0.586
316,2008  0.204  0.260  0.603  0.441  0.428  0.377  0.531  0.452  0.545  0.590  0.617  0.462  0.459
318,2009  0.580  0.457  0.439  0.521  0.548  0.620  0.676  0.619  0.677  0.617  0.694  0.632  0.590
320,2010  0.706  0.779  0.851  0.819  0.708  0.643  0.611  0.609  0.560  0.639  0.728  0.430  0.674
322,2011  0.452  0.423  0.549  0.591  0.438  0.541  0.639  0.651  0.536  0.574  0.507  0.490  0.533
324,2012  0.365  0.456  0.416  0.603  0.652  0.625  0.566  0.645  0.635  0.724  0.716  0.456  0.572
326,2013  0.602  0.519  0.576  0.566  0.551  0.656  0.585  0.636  0.719  0.648  0.765  0.600  0.619
328,2014  0.664  0.483  0.681  0.730  0.728  0.614  0.581  0.729  0.761  0.738  0.629  0.678  0.668
330,2015  0.732  0.773  0.787  0.684  0.726  0.752  0.710  0.799  0.818  1.014  0.985  1.035  0.818
332,2016  1.079  1.216  1.176  1.023  0.873  0.769  0.761  0.940  0.837  0.812  0.839  0.772  0.925
334,2017  0.947  1.062  1.044  0.835  0.775  0.650  0.793  0.802  0.723  0.804  0.795  0.806  0.836
336,2018  0.707  0.776  0.776  0.811  0.701  0.727  0.724  0.734  0.677  0.858  0.732  0.816  0.753
338,2019  0.813  0.835  1.077  0.925  0.777  0.808  0.851  0.836  0.813  0.954  0.933  1.026  0.887
340,2020  1.058  1.110  1.075  1.050  0.894  0.811  0.822  0.809  0.867  0.799  1.007  0.692  0.916
342,2021  0.707  0.565  0.737  0.757  0.698  0.718  0.791  0.809  0.875  0.928  0.864  0.758  0.767
344,2022  0.782  0.753  0.890  0.767  0.750  0.847  0.778  0.875  0.816  0.951  0.669  0.745  0.802
346,2023  0.783  0.886  1.129  0.925  0.880  1.059  1.161  1.213  1.348  1.327  1.342  1.264  1.110
348,2024  1.146  1.276  1.221  1.207  1.061  1.094  1.130  1.216  1.143  1.201  1.210  1.129  1.169
350,2025  1.256  1.116  1.161  1.090  0.952  0.882  0.931  1.016  1.102  1.090  1.075  0.918  1.049
